file_name,instruction,rewritten_query,处理好的url
pc_8g2jf6.png,adjust font color,这是LibreOffice Writer软件中用于调整字体颜色的下拉菜单按钮，它位于工具栏中的字母A旁边，下方有一个红色的下划线。,C:\Users\27173\Desktop\vision_benchmark_test\bad_case_img\1_pc_8g2jf6.png
pc_b5q1tt.png,view battery usage of last 10 days,红框标出的元素是“Last 10 Days”，它是一个按钮，位于“Last 24 Hours”按钮的右侧。点击此按钮可以查看过去10天的电池使用情况。,C:\Users\27173\Desktop\vision_benchmark_test\bad_case_img\2_pc_b5q1tt.png
pc_drcjo3.png,download microsoft word from cloud,微软Word应用右侧的云下载按钮，下方文字说明为“创建、编辑和共享文档”。,C:\Users\27173\Desktop\vision_benchmark_test\bad_case_img\3_pc_drcjo3.png
pc_dzpr8m.png,empty the trash,网页右上角垃圾桶窗口中的“Empty”按钮，点击该按钮将清空垃圾桶内的所有文件。,C:\Users\27173\Desktop\vision_benchmark_test\bad_case_img\5_pc_dzpr8m.png
pc_gtda7d.png,open google drive,在Google网页右侧弹出的应用程序列表中，有一个图标为三角形且有绿色、黄色和蓝色背景色的Google Drive应用程序。,C:\Users\27173\Desktop\vision_benchmark_test\bad_case_img\7_pc_gtda7d.png
pc_krzgko.png,add current webpage to favourites,在页面的右上角，有一个带五角星图标的按钮，鼠标悬停时显示文本“add current webpage to favourites”，点击该按钮可以将当前网页添加到收藏夹。,C:\Users\27173\Desktop\vision_benchmark_test\bad_case_img\10_pc_krzgko.png
pc_nuyjna.png,Add a wired connection device,在网络设置界面中，右上角“Wired”文本的右侧的加号图标，点击可以添加有线连接设备。,C:\Users\27173\Desktop\vision_benchmark_test\bad_case_img\11_pc_nuyjna.png
pc_qao1zc.png,open nac client ,带蓝色盾牌和字母A的NAC Client应用程序图标。,C:\Users\27173\Desktop\vision_benchmark_test\bad_case_img\17_pc_qao1zc.png
pc_u77zz1.png,open the map app,在屏幕底部的Dock栏中，位于邮件图标右侧的地图应用图标。,C:\Users\27173\Desktop\vision_benchmark_test\bad_case_img\21_pc_u77zz1.png
pc_uuhwlx.png,open the calculator,计算器图标显示在Utilities标题下方，其图标左边是Backups图标，右边是Characters图标。,C:\Users\27173\Desktop\vision_benchmark_test\bad_case_img\23_pc_uuhwlx.png
pc_zuyj00.png,"adjust the options of  ""show previous""",红框标出的元素是“Show previews”选项的下拉菜单，当前选择的是“When Unlocked”。,C:\Users\27173\Desktop\vision_benchmark_test\bad_case_img\26_pc_zuyj00.png
mobile_02e9bl.png,view the photo pictured in Apr 11,位于页面中部，“Apr 11”文本下方显示的图像,C:\Users\27173\Desktop\vision_benchmark_test\bad_case_img\28_mobile_02e9bl.png
mobile_0ze76a.png,share this stock,这是一个分享按钮，位于屏幕右上角，在股票价格右侧。,C:\Users\27173\Desktop\vision_benchmark_test\bad_case_img\29_mobile_0ze76a.png
mobile_6edzq7.jpg,switch on automatic downloads using cellular data,"红框框选的元素是""Wireless Data""，其下方小字描述为""WLAN & Cellular""，右方文本为""138 MB""，最右方是一个箭头。它显示了App Store应用使用的无线数据流量，并允许用户管理App Store通过WLAN和蜂窝网络访问数据。",C:\Users\27173\Desktop\vision_benchmark_test\bad_case_img\37_mobile_6edzq7.jpg
mobile_8u6mj9.png,Adjust the camera focus,该元素位于屏幕的左下角，是一个垂直的滑块，顶部有加号，底部有减号。它用于调整相机的焦距，可以通过上下滑动圆圈来改变焦距。,C:\Users\27173\Desktop\vision_benchmark_test\bad_case_img\40_mobile_8u6mj9.png
mobile_ei9pzn.png,switch on airplane mode,"在设置页面中，有一个名为""Airplane Mode""（飞行模式）的选项，其右侧有一个开关按钮，当前显示为关闭状态。红色方框标出了这个开关按钮。",C:\Users\27173\Desktop\vision_benchmark_test\bad_case_img\50_mobile_ei9pzn.png
mobile_fgypk7.png,disallow notability to access my microphone,在“允许Notability访问”区域，麦克风选项右侧的开关，用来禁用Notability访问麦克风的权限。,C:\Users\27173\Desktop\vision_benchmark_test\bad_case_img\53_mobile_fgypk7.png
mobile_hydu17.jpg,exclude the control of calculator,计算器控制旁边的红色圆形减号按钮,C:\Users\27173\Desktop\vision_benchmark_test\bad_case_img\57_mobile_hydu17.jpg
mobile_inxnbt.jpg,view open source software,在设置页面中，位于最下方，文本内容为“Open source software”，右侧有一个打开新页面的图标。,C:\Users\27173\Desktop\vision_benchmark_test\bad_case_img\58_mobile_inxnbt.jpg
mobile_zn2mmo.png,add a new alarm,屏幕右上角，一个加号图标，用于添加新的闹钟。,C:\Users\27173\Desktop\vision_benchmark_test\bad_case_img\78_mobile_zn2mmo.png
web_213f816e-8e80-4d13-970d-1347bbc7a2a8.png,click the button to create a new project,右上角带有紫色花纹的圆形图标，旁边有一个向下箭头。,C:\Users\27173\Desktop\vision_benchmark_test\bad_case_img\80_web_213f816e-8e80-4d13-970d-1347bbc7a2a8.png
web_213f816e-8e80-4d13-970d-1347bbc7a2a8.png,view my account profile,右上角带有紫色花纹的圆形图标，旁边有一个向下箭头。,C:\Users\27173\Desktop\vision_benchmark_test\bad_case_img\81_web_213f816e-8e80-4d13-970d-1347bbc7a2a8.png
web_e40f1b3f-0f26-4313-a6a2-d79e1047951b.png,search in gitlab,页面顶部，搜索框右侧的“+”号按钮，点击可以展开菜单进行新建操作。,C:\Users\27173\Desktop\vision_benchmark_test\bad_case_img\82_web_e40f1b3f-0f26-4313-a6a2-d79e1047951b.png
web_e40f1b3f-0f26-4313-a6a2-d79e1047951b.png,add a new one,页面顶部，搜索框右侧的“+”号按钮，点击可以展开菜单进行新建操作。,C:\Users\27173\Desktop\vision_benchmark_test\bad_case_img\83_web_e40f1b3f-0f26-4313-a6a2-d79e1047951b.png
web_fd8d71f6-4229-4458-a77e-7d8a6347c8e9.png,go to personal homepage,红框框出的元素是“Sign out”链接，点击它可以退出当前账号登录。,C:\Users\27173\Desktop\vision_benchmark_test\bad_case_img\84_web_fd8d71f6-4229-4458-a77e-7d8a6347c8e9.png
web_4e1d5837-4731-43f3-8101-52375498c4ad.png,switch to explore projects,这是在项目列表第三项“The A11Y Project / a11yproject.com”右侧的“fork”按钮，上面显示着数字1。,C:\Users\27173\Desktop\vision_benchmark_test\bad_case_img\86_web_4e1d5837-4731-43f3-8101-52375498c4ad.png
web_4e1d5837-4731-43f3-8101-52375498c4ad.png,star the project with 56 stars,这是在项目列表第三项“The A11Y Project / a11yproject.com”右侧的“fork”按钮，上面显示着数字1。,C:\Users\27173\Desktop\vision_benchmark_test\bad_case_img\87_web_4e1d5837-4731-43f3-8101-52375498c4ad.png
web_bcce7aec-b36a-42c5-8beb-ead23f5ada2c.png,view issues i've created,左上角红色的狐狸图标，这是GitLab的标志，点击后通常会回到主页。,C:\Users\27173\Desktop\vision_benchmark_test\bad_case_img\89_web_bcce7aec-b36a-42c5-8beb-ead23f5ada2c.png
web_7a5f6ad5-ec34-4693-ac45-136547757893.png,set reminder,"屏幕右侧，紧靠着""Web IDE""和下载按钮的蓝色按钮，上面有文字""Clone""。",C:\Users\27173\Desktop\vision_benchmark_test\bad_case_img\91_web_7a5f6ad5-ec34-4693-ac45-136547757893.png
web_e0f18fd6-2a59-4fab-89f0-864c70bba241.png,create a new issue,红框圈出的元素是一个输入框，用于搜索或过滤列表结果。输入框右侧有一个搜索图标。,C:\Users\27173\Desktop\vision_benchmark_test\bad_case_img\93_web_e0f18fd6-2a59-4fab-89f0-864c70bba241.png
web_e0f18fd6-2a59-4fab-89f0-864c70bba241.png,download,红框圈出的元素是一个输入框，用于搜索或过滤列表结果。输入框右侧有一个搜索图标。,C:\Users\27173\Desktop\vision_benchmark_test\bad_case_img\94_web_e0f18fd6-2a59-4fab-89f0-864c70bba241.png
web_6c677961-e540-4cc5-b725-5e301019a9f9.png,choose type of issue,红框圈出的是一个多行文本框，用于输入描述信息，提示文字是“Write a description or drag your files here...”，下方有提示支持Markdown，并带有Markdown格式的工具栏。,C:\Users\27173\Desktop\vision_benchmark_test\bad_case_img\96_web_6c677961-e540-4cc5-b725-5e301019a9f9.png
web_6c677961-e540-4cc5-b725-5e301019a9f9.png,bold lettering,红框圈出的是一个多行文本框，用于输入描述信息，提示文字是“Write a description or drag your files here...”，下方有提示支持Markdown，并带有Markdown格式的工具栏。,C:\Users\27173\Desktop\vision_benchmark_test\bad_case_img\97_web_6c677961-e540-4cc5-b725-5e301019a9f9.png
web_6c677961-e540-4cc5-b725-5e301019a9f9.png,full screen display,红框圈出的是一个多行文本框，用于输入描述信息，提示文字是“Write a description or drag your files here...”，下方有提示支持Markdown，并带有Markdown格式的工具栏。,C:\Users\27173\Desktop\vision_benchmark_test\bad_case_img\98_web_6c677961-e540-4cc5-b725-5e301019a9f9.png
web_6c677961-e540-4cc5-b725-5e301019a9f9.png,insert tables,红框圈出的是一个多行文本框，用于输入描述信息，提示文字是“Write a description or drag your files here...”，下方有提示支持Markdown，并带有Markdown格式的工具栏。,C:\Users\27173\Desktop\vision_benchmark_test\bad_case_img\99_web_6c677961-e540-4cc5-b725-5e301019a9f9.png
web_9443f61f-7d14-4e60-8297-29df73b7cbdd.png,click the icon to sort by created date,红框中的元素是一条合并请求，标题为“Debug build time”，创建于三天前，由Byte Blaze创建，并且在三天前进行了更新。,C:\Users\27173\Desktop\vision_benchmark_test\bad_case_img\101_web_9443f61f-7d14-4e60-8297-29df73b7cbdd.png
web_af76d21a-0a23-49c3-bc5b-842073bf28af.png,search my projects,这是一个包含时钟图标和“Activity”文本的菜单项，位于左侧导航菜单中的“Explore”下方。点击此菜单项可以查看活动日志。,C:\Users\27173\Desktop\vision_benchmark_test\bad_case_img\103_web_af76d21a-0a23-49c3-bc5b-842073bf28af.png
web_6b685114-53fc-40a1-ac42-3b8fbdd27fdd.png,delete the byte blaze assignee,红框元素是一个按钮，上面写着“Subscribe to RSS feed”，旁边是一个RSS订阅图标。这个按钮位于网页右上角，与“Subscribe to calendar”按钮并排。,C:\Users\27173\Desktop\vision_benchmark_test\bad_case_img\105_web_6b685114-53fc-40a1-ac42-3b8fbdd27fdd.png
web_b97bb6a3-999c-463a-b957-5584c14c8395.png,Click the thumbs up icon on this issue,页面右侧“Close issue”按钮旁边有三个垂直点，点击可以查看关于该问题的更多信息或进行其他操作。,C:\Users\27173\Desktop\vision_benchmark_test\bad_case_img\107_web_b97bb6a3-999c-463a-b957-5584c14c8395.png
web_b97bb6a3-999c-463a-b957-5584c14c8395.png,Click the thumbs down icon on this issue,页面右侧“Close issue”按钮旁边有三个垂直点，点击可以查看关于该问题的更多信息或进行其他操作。,C:\Users\27173\Desktop\vision_benchmark_test\bad_case_img\108_web_b97bb6a3-999c-463a-b957-5584c14c8395.png
web_b97bb6a3-999c-463a-b957-5584c14c8395.png,reply to emoticon,页面右侧“Close issue”按钮旁边有三个垂直点，点击可以查看关于该问题的更多信息或进行其他操作。,C:\Users\27173\Desktop\vision_benchmark_test\bad_case_img\109_web_b97bb6a3-999c-463a-b957-5584c14c8395.png
web_5a35d9c2-2c2d-4a49-ad0a-1408d9cac78e.png,close this issue,页面右侧区域最上方的红色按钮，上面写着“Add a to do”。,C:\Users\27173\Desktop\vision_benchmark_test\bad_case_img\111_web_5a35d9c2-2c2d-4a49-ad0a-1408d9cac78e.png
web_5a35d9c2-2c2d-4a49-ad0a-1408d9cac78e.png,add a todo,页面右侧区域最上方的红色按钮，上面写着“Add a to do”。,C:\Users\27173\Desktop\vision_benchmark_test\bad_case_img\112_web_5a35d9c2-2c2d-4a49-ad0a-1408d9cac78e.png
web_e640514e-5946-4808-922f-f50c51b0da78.png,edit my profile,红框中的元素是导航栏中的“Groups”链接，点击此链接可以切换到分组视图。,C:\Users\27173\Desktop\vision_benchmark_test\bad_case_img\113_web_e640514e-5946-4808-922f-f50c51b0da78.png
web_e640514e-5946-4808-922f-f50c51b0da78.png,check my followers,红框中的元素是导航栏中的“Groups”链接，点击此链接可以切换到分组视图。,C:\Users\27173\Desktop\vision_benchmark_test\bad_case_img\114_web_e640514e-5946-4808-922f-f50c51b0da78.png
web_8d623438-5ac7-44f8-ab67-e07309a92f4a.png,view all personal projects,"红框框出的元素位于页面右侧的""Personal projects""区域，是一个包含""chatgpt_plugin""文本的链接，链接右侧还有""Owner""标签和表示更新时间的""Updated 1 day ago""文本，以及星星和分支图标，数量均为0。",C:\Users\27173\Desktop\vision_benchmark_test\bad_case_img\116_web_8d623438-5ac7-44f8-ab67-e07309a92f4a.png
web_0492a7c3-3b0d-4f62-8c0d-939ad51aa616.png,visit docs.gitlab.com,红框框住了GitLab文档页面中的“Use GitLab”部分，它包含标题“Use GitLab”和描述文本“Get started with GitLab features and functionality。”,C:\Users\27173\Desktop\vision_benchmark_test\bad_case_img\119_web_0492a7c3-3b0d-4f62-8c0d-939ad51aa616.png
web_0492a7c3-3b0d-4f62-8c0d-939ad51aa616.png,check the docs of how to use gitlab,红框框住了GitLab文档页面中的“Use GitLab”部分，它包含标题“Use GitLab”和描述文本“Get started with GitLab features and functionality。”,C:\Users\27173\Desktop\vision_benchmark_test\bad_case_img\120_web_0492a7c3-3b0d-4f62-8c0d-939ad51aa616.png
web_1cc05cca-502a-41c3-aebc-b901f85a40fd.png,switch to why gitlab doc,页面顶部导航栏中的放大镜图标，点击该图标可以进行搜索。,C:\Users\27173\Desktop\vision_benchmark_test\bad_case_img\121_web_1cc05cca-502a-41c3-aebc-b901f85a40fd.png
web_1cc05cca-502a-41c3-aebc-b901f85a40fd.png,check pricing,页面顶部导航栏中的放大镜图标，点击该图标可以进行搜索。,C:\Users\27173\Desktop\vision_benchmark_test\bad_case_img\122_web_1cc05cca-502a-41c3-aebc-b901f85a40fd.png
web_1cc05cca-502a-41c3-aebc-b901f85a40fd.png,sign in,页面顶部导航栏中的放大镜图标，点击该图标可以进行搜索。,C:\Users\27173\Desktop\vision_benchmark_test\bad_case_img\123_web_1cc05cca-502a-41c3-aebc-b901f85a40fd.png
web_200e430d-ec76-48af-987c-ad658b74ab33.png,view solution of ai,红框中的元素是“View all solutions”的链接，位于解决方案下拉菜单的左下角，点击它可以查看所有解决方案。,C:\Users\27173\Desktop\vision_benchmark_test\bad_case_img\125_web_200e430d-ec76-48af-987c-ad658b74ab33.png
web_201fbfed-1dd7-4532-b49a-b465ef775c8b.png,check the resources,页面中间偏左侧价格为$29每用户每月的Premium套餐下方的“Buy GitLab Premium”按钮，点击该按钮将购买GitLab的Premium服务。,C:\Users\27173\Desktop\vision_benchmark_test\bad_case_img\127_web_201fbfed-1dd7-4532-b49a-b465ef775c8b.png
web_201fbfed-1dd7-4532-b49a-b465ef775c8b.png,Purchase GitLab Premium service,页面中间偏左侧价格为$29每用户每月的Premium套餐下方的“Buy GitLab Premium”按钮，点击该按钮将购买GitLab的Premium服务。,C:\Users\27173\Desktop\vision_benchmark_test\bad_case_img\128_web_201fbfed-1dd7-4532-b49a-b465ef775c8b.png
web_a905f71b-cfe3-4add-b37e-fa2a96067b8c.png,get free trial,红框圈出的元素是页面中的一个按钮，按钮文字为“Contact Sales”，位于页面右侧的模块中，该模块上方文字为“Purchase GitLab through Cloud Marketplaces seamlessly.”，左侧模块中文字为“Talk to an expert”,C:\Users\27173\Desktop\vision_benchmark_test\bad_case_img\129_web_a905f71b-cfe3-4add-b37e-fa2a96067b8c.png
web_a905f71b-cfe3-4add-b37e-fa2a96067b8c.png,contact sales,红框圈出的元素是页面中的一个按钮，按钮文字为“Contact Sales”，位于页面右侧的模块中，该模块上方文字为“Purchase GitLab through Cloud Marketplaces seamlessly.”，左侧模块中文字为“Talk to an expert”,C:\Users\27173\Desktop\vision_benchmark_test\bad_case_img\130_web_a905f71b-cfe3-4add-b37e-fa2a96067b8c.png
web_32fce6b7-8437-4877-8436-f67c99d82f81.png,view supported cloud,页面顶部导航栏中，红框圈起来的部分是“Contact us”链接，它位于“Company”和搜索图标之间，点击该链接可以进入联系我们页面。,C:\Users\27173\Desktop\vision_benchmark_test\bad_case_img\131_web_32fce6b7-8437-4877-8436-f67c99d82f81.png
web_37acd27f-731c-4292-8caf-159b9be41189.png,install for ubuntu,页面右侧的列表中，“Community-contributed”下方标注有红框的文字“Already installed?”，用于询问用户是否已经安装了 GitLab。,C:\Users\27173\Desktop\vision_benchmark_test\bad_case_img\133_web_37acd27f-731c-4292-8caf-159b9be41189.png
web_90c0cf0e-3885-46d1-a1fd-2b29645398d3.png,view efficiency,红框元素是页面中一个描述GitLab公司价值观的卡片，上面写着“Transparency”，卡片上方有一个书本形状的图标，下方有关于Transparency的英文描述文本。,C:\Users\27173\Desktop\vision_benchmark_test\bad_case_img\135_web_90c0cf0e-3885-46d1-a1fd-2b29645398d3.png
web_94a52247-8dd4-4f19-82ea-19185a9b2649.png,check api security,页面顶部的导航菜单中，有一个包含图标和文字“Create”的按钮，位于“Plan”和“Verify”之间。,C:\Users\27173\Desktop\vision_benchmark_test\bad_case_img\137_web_94a52247-8dd4-4f19-82ea-19185a9b2649.png
web_94a52247-8dd4-4f19-82ea-19185a9b2649.png,switch to govern,页面顶部的导航菜单中，有一个包含图标和文字“Create”的按钮，位于“Plan”和“Verify”之间。,C:\Users\27173\Desktop\vision_benchmark_test\bad_case_img\138_web_94a52247-8dd4-4f19-82ea-19185a9b2649.png
web_463c0536-492e-475c-930d-d95ee476ec3c.png,switch to private visibility level,复选框“Enable Static Application Security Testing (SAST)”。,C:\Users\27173\Desktop\vision_benchmark_test\bad_case_img\141_web_463c0536-492e-475c-930d-d95ee476ec3c.png
web_6466b8cc-deea-451a-8019-d0684052d771.png,enable notifications,红框框出了Administrator在2年前创建的评论旁边的评论图标按钮，点击可以回复该评论。,C:\Users\27173\Desktop\vision_benchmark_test\bad_case_img\143_web_6466b8cc-deea-451a-8019-d0684052d771.png
web_6466b8cc-deea-451a-8019-d0684052d771.png,comment to administrator,红框框出了Administrator在2年前创建的评论旁边的评论图标按钮，点击可以回复该评论。,C:\Users\27173\Desktop\vision_benchmark_test\bad_case_img\144_web_6466b8cc-deea-451a-8019-d0684052d771.png
web_4befbc37-411b-4621-8a3c-c1d95676efa1.png,download the project,在文件列表区域，列表的第一列名称中，红框标注了文件夹名称“data”。,C:\Users\27173\Desktop\vision_benchmark_test\bad_case_img\145_web_4befbc37-411b-4621-8a3c-c1d95676efa1.png
web_4befbc37-411b-4621-8a3c-c1d95676efa1.png,unstar the project,在文件列表区域，列表的第一列名称中，红框标注了文件夹名称“data”。,C:\Users\27173\Desktop\vision_benchmark_test\bad_case_img\146_web_4befbc37-411b-4621-8a3c-c1d95676efa1.png
web_586be1bf-6fab-43bf-adad-640eaab4a0df.png,copy the ssh link,这是一个复制链接的图标按钮，它位于“Clone with HTTP”链接的右侧。点击它可以复制HTTP链接地址。,C:\Users\27173\Desktop\vision_benchmark_test\bad_case_img\148_web_586be1bf-6fab-43bf-adad-640eaab4a0df.png
web_48737870-2f75-4199-a2d0-176d04543b2b.png,check the owner of coding_friends,"在 Groups 页面中，coding_friends 分组右侧带有地球图标的 ""Owner"" 标签。",C:\Users\27173\Desktop\vision_benchmark_test\bad_case_img\151_web_48737870-2f75-4199-a2d0-176d04543b2b.png
web_7d1b09cc-3602-4670-9fb2-d81afb5ec381.png,click to search in this page,在仪表板页面中，在“范围”下拉菜单的右侧有一个带问号的按钮，用于获取有关范围的信息。,C:\Users\27173\Desktop\vision_benchmark_test\bad_case_img\153_web_7d1b09cc-3602-4670-9fb2-d81afb5ec381.png
web_7d1b09cc-3602-4670-9fb2-d81afb5ec381.png,check notification,在仪表板页面中，在“范围”下拉菜单的右侧有一个带问号的按钮，用于获取有关范围的信息。,C:\Users\27173\Desktop\vision_benchmark_test\bad_case_img\154_web_7d1b09cc-3602-4670-9fb2-d81afb5ec381.png
web_d0e6082c-90d2-4637-ab9f-65b768240848.png,view orders,“Sales”标题旁边的关闭图标，点击它可以关闭当前的Sales页面。,C:\Users\27173\Desktop\vision_benchmark_test\bad_case_img\156_web_d0e6082c-90d2-4637-ab9f-65b768240848.png
web_921e2d81-b8a5-425a-81e6-476cd16f9bdb.png,view detail of products,"在左侧导航栏中，位于""CATALOG""下方且包含人形图标和""CUSTOMERS""文本的元素。",C:\Users\27173\Desktop\vision_benchmark_test\bad_case_img\158_web_921e2d81-b8a5-425a-81e6-476cd16f9bdb.png
web_d2dd06b0-8826-4dd6-a3b7-0d88c123a04b.png,search by keyword,红框元素是一个下拉菜单，用于选择每页显示的订单数量。当前选中值为200，位于“per page”文本的左侧。,C:\Users\27173\Desktop\vision_benchmark_test\bad_case_img\160_web_d2dd06b0-8826-4dd6-a3b7-0d88c123a04b.png
web_ddeabd10-ccfc-4881-b301-9364d7a04279.png,go back,在页面的右上角，一个带有个人图标和“admin”文本的下拉按钮，用于管理管理员账户。,C:\Users\27173\Desktop\vision_benchmark_test\bad_case_img\162_web_ddeabd10-ccfc-4881-b301-9364d7a04279.png
web_de7dcaf3-f2e3-49f4-84fd-36088f39238c.png,select the data item named div garg,红框突出显示的是“Filters”按钮，带有漏斗图标，点击此按钮可以对客户列表进行筛选操作，它位于客户列表搜索框下方，页面右侧。,C:\Users\27173\Desktop\vision_benchmark_test\bad_case_img\164_web_de7dcaf3-f2e3-49f4-84fd-36088f39238c.png
web_d1cc72e3-da3f-4d48-bab4-a6aa0bc5a807.png,view more partners,图片右侧“Magento Marketplace”区域内，有一个按钮，按钮文字是“Visit Magento Marketplaces”。,C:\Users\27173\Desktop\vision_benchmark_test\bad_case_img\167_web_d1cc72e3-da3f-4d48-bab4-a6aa0bc5a807.png
web_dd867d69-511e-4ab2-834e-2e111c7b3198.png,reset fliter,在“搜索条件”页面上，“搜索查询”列下方的空白文本框，用户可以在其中输入文本进行搜索。,C:\Users\27173\Desktop\vision_benchmark_test\bad_case_img\170_web_dd867d69-511e-4ab2-834e-2e111c7b3198.png
web_dd867d69-511e-4ab2-834e-2e111c7b3198.png,go to next page,在“搜索条件”页面上，“搜索查询”列下方的空白文本框，用户可以在其中输入文本进行搜索。,C:\Users\27173\Desktop\vision_benchmark_test\bad_case_img\171_web_dd867d69-511e-4ab2-834e-2e111c7b3198.png
web_d3f48983-3396-4249-990c-d1214fbed944.png,add the first product into cart,在商品展示区域，V8 +Energy 健康能量饮料商品卡片下方，添加到购物车按钮右侧的爱心形收藏按钮。,C:\Users\27173\Desktop\vision_benchmark_test\bad_case_img\173_web_d3f48983-3396-4249-990c-d1214fbed944.png
web_55e57d6e-0cb0-4024-b89f-89a3c594f20e.png,"view clothing, shoes and jewelry",红框圈出的元素是导航栏中的一个选项，文本为“Video Games”。它与其他类似选项（如“Electronics”和“Grocery & Gourmet Food”）并列排列，位于页面顶部。,C:\Users\27173\Desktop\vision_benchmark_test\bad_case_img\175_web_55e57d6e-0cb0-4024-b89f-89a3c594f20e.png
web_a8de66ff-c058-4617-9484-82662d95fbc1.png,check shopping cart,页面顶部导航栏中的“My Account”链接，位于“One Stop Market”网站的Logo旁边，点击后会进入用户账户页面。,C:\Users\27173\Desktop\vision_benchmark_test\bad_case_img\177_web_a8de66ff-c058-4617-9484-82662d95fbc1.png
web_f4ee1ae3-a244-40f8-90cb-e68411f00636.png,checkout,购物车弹窗中，Carnation Breakfast Essentials Nutritional Drink (Pack of 8)商品数量输入框，当前数量为5。,C:\Users\27173\Desktop\vision_benchmark_test\bad_case_img\179_web_f4ee1ae3-a244-40f8-90cb-e68411f00636.png
web_f4ee1ae3-a244-40f8-90cb-e68411f00636.png,close the cart,购物车弹窗中，Carnation Breakfast Essentials Nutritional Drink (Pack of 8)商品数量输入框，当前数量为5。,C:\Users\27173\Desktop\vision_benchmark_test\bad_case_img\180_web_f4ee1ae3-a244-40f8-90cb-e68411f00636.png
web_f4ee1ae3-a244-40f8-90cb-e68411f00636.png,delete carnation breakfast essentials nutritional drink in cart,购物车弹窗中，Carnation Breakfast Essentials Nutritional Drink (Pack of 8)商品数量输入框，当前数量为5。,C:\Users\27173\Desktop\vision_benchmark_test\bad_case_img\181_web_f4ee1ae3-a244-40f8-90cb-e68411f00636.png
web_d00882a8-4d93-4116-91ad-e8bb8fdd8ff2.png,change password,左侧菜单栏中的“My Downloadable Products”链接，位于“My Orders”下方和“My Wish List”上方。,C:\Users\27173\Desktop\vision_benchmark_test\bad_case_img\183_web_d00882a8-4d93-4116-91ad-e8bb8fdd8ff2.png
web_9043e264-b5ec-4da5-ae7a-b19cfc1d178b.png,go to next page,这是一个下拉菜单，当前选中值是10，其右侧有文本'per page'。该下拉菜单用于调整每页显示的商品数量。,C:\Users\27173\Desktop\vision_benchmark_test\bad_case_img\185_web_9043e264-b5ec-4da5-ae7a-b19cfc1d178b.png
web_f80a102f-7b1a-40f4-ad52-193e52d0cda0.png,add the rh interiors weathered wood bundle table lamp to cart,"在页面中部的商品列表中，有一个商品的名称为""Elmwood Inn Fine Teas, Orange Vanilla Caffeine-free Fruit Infusion, 16-Ounce Pouch""，该商品的价格是$19.36，并且获得了4个评价。在该商品的下方，有一个红框标注的评论输入框。",C:\Users\27173\Desktop\vision_benchmark_test\bad_case_img\187_web_f80a102f-7b1a-40f4-ad52-193e52d0cda0.png
web_f80a102f-7b1a-40f4-ad52-193e52d0cda0.png,comment to elmwood inn fine tea,"在页面中部的商品列表中，有一个商品的名称为""Elmwood Inn Fine Teas, Orange Vanilla Caffeine-free Fruit Infusion, 16-Ounce Pouch""，该商品的价格是$19.36，并且获得了4个评价。在该商品的下方，有一个红框标注的评论输入框。",C:\Users\27173\Desktop\vision_benchmark_test\bad_case_img\188_web_f80a102f-7b1a-40f4-ad52-193e52d0cda0.png
web_2595ae32-9df7-4198-a48e-6c291a1fb01c.png,view previous images,右侧缩略图，展示了产品包装袋的尺寸和在人体上的大致比例。,C:\Users\27173\Desktop\vision_benchmark_test\bad_case_img\191_web_2595ae32-9df7-4198-a48e-6c291a1fb01c.png
web_a4d22512-1c68-4fda-9b49-d207326365ce.png,print the page,关闭按钮，位于页面右侧，用于关闭当前商品详情页面。,C:\Users\27173\Desktop\vision_benchmark_test\bad_case_img\193_web_a4d22512-1c68-4fda-9b49-d207326365ce.png
web_844d70be-3743-409c-abf0-a148975fdbc8.png,adjusting the display layout of items,商品列表右上方，有一个向上箭头的按钮，用于按商品位置排序。,C:\Users\27173\Desktop\vision_benchmark_test\bad_case_img\195_web_844d70be-3743-409c-abf0-a148975fdbc8.png
web_e891e448-0f8e-4673-9122-405a48cabad3.png,next page,网页底部显示页码的区域，其中第5页被红框标出。,C:\Users\27173\Desktop\vision_benchmark_test\bad_case_img\197_web_e891e448-0f8e-4673-9122-405a48cabad3.png
web_e891e448-0f8e-4673-9122-405a48cabad3.png,page 5,网页底部显示页码的区域，其中第5页被红框标出。,C:\Users\27173\Desktop\vision_benchmark_test\bad_case_img\198_web_e891e448-0f8e-4673-9122-405a48cabad3.png
web_60786716-b5ae-47f4-bd46-c5f9a0e87293.png,enter email address,"页面右侧""New Customers""下方，有蓝色背景的""Create an Account""按钮。",C:\Users\27173\Desktop\vision_benchmark_test\bad_case_img\200_web_60786716-b5ae-47f4-bd46-c5f9a0e87293.png
web_bb6f684d-6060-478d-aceb-d0b77c23a68b.png,reset the password,"页面左上角标有""One Stop Market""字样的Logo，点击它可以回到网站主页。",C:\Users\27173\Desktop\vision_benchmark_test\bad_case_img\202_web_bb6f684d-6060-478d-aceb-d0b77c23a68b.png
web_bb6f684d-6060-478d-aceb-d0b77c23a68b.png,go to onestop market homepage,"页面左上角标有""One Stop Market""字样的Logo，点击它可以回到网站主页。",C:\Users\27173\Desktop\vision_benchmark_test\bad_case_img\203_web_bb6f684d-6060-478d-aceb-d0b77c23a68b.png
web_3acb3026-cbd7-4e41-8fb7-2b8a2e7e4fcb.png,view settings of cocowhip light,"一个齿轮状的按钮，位于购物车的第二个商品So Delicious Dairy Free CocoWhip Light, Vegan, Non-GMO Project Verified, 9 oz. Tub右侧，用于查看该商品的设置。",C:\Users\27173\Desktop\vision_benchmark_test\bad_case_img\205_web_3acb3026-cbd7-4e41-8fb7-2b8a2e7e4fcb.png
web_0c5f692d-4c32-4533-ac2a-d6f8d7c6d7c1.png,add the sandals to cart,这是一个蓝色按钮，上面写着“Add to Cart”，位于售价为47.99美元的Reef Men's Twinpin Prints Sandals的下方。,C:\Users\27173\Desktop\vision_benchmark_test\bad_case_img\207_web_0c5f692d-4c32-4533-ac2a-d6f8d7c6d7c1.png
web_f8c6a82c-5e0e-4067-a560-06e9615e65fe.png,choose size 14,这是一个文本框，位于页面右侧商品详情区域，其左侧显示“Qty”，文本框内部显示数字“1”，文本框右侧是“Add to Cart”按钮。您可以通过这个文本框来调整商品的数量。,C:\Users\27173\Desktop\vision_benchmark_test\bad_case_img\208_web_f8c6a82c-5e0e-4067-a560-06e9615e65fe.png
web_96671728-050c-4e62-bdb8-5bd68b603de0.png,enter lowest price,"在""Search Settings""下，一个名为""Product Name""的文本输入框。",C:\Users\27173\Desktop\vision_benchmark_test\bad_case_img\210_web_96671728-050c-4e62-bdb8-5bd68b603de0.png
web_b645cb4e-48f2-4f75-8503-3da18f2e9b79.png,search in the forum,网页顶部的菜单栏中，用户名为MarvelsGrantMan136的账户信息。,C:\Users\27173\Desktop\vision_benchmark_test\bad_case_img\213_web_b645cb4e-48f2-4f75-8503-3da18f2e9b79.png
web_8be1be42-6037-4cba-a78a-065e7a7d77ae.png,check my postbox,页面顶部导航栏中，邮箱图标右边的“+Submit”按钮，点击该按钮可以提交新的帖子。,C:\Users\27173\Desktop\vision_benchmark_test\bad_case_img\215_web_8be1be42-6037-4cba-a78a-065e7a7d77ae.png
web_fd8befe1-4e5b-4de2-9978-db25d2be2173.png,add comment,页面左上角有一个向左的箭头图标和一个文本“/f/books”，共同组成一个返回上一页的链接。,C:\Users\27173\Desktop\vision_benchmark_test\bad_case_img\217_web_fd8befe1-4e5b-4de2-9978-db25d2be2173.png
web_fd8befe1-4e5b-4de2-9978-db25d2be2173.png,back to previous page,页面左上角有一个向左的箭头图标和一个文本“/f/books”，共同组成一个返回上一页的链接。,C:\Users\27173\Desktop\vision_benchmark_test\bad_case_img\218_web_fd8befe1-4e5b-4de2-9978-db25d2be2173.png
web_587b0743-0e7a-4291-811b-4d6fb5510fb3.png,post the comment,这是一个红色的按钮，上面写着“Unsubscribe”，旁边是一个数字1，位于页面右侧“books”区域下方。点击此按钮可以取消订阅此书.,C:\Users\27173\Desktop\vision_benchmark_test\bad_case_img\219_web_587b0743-0e7a-4291-811b-4d6fb5510fb3.png
web_89d60b8b-3f6d-4160-93d4-1791d4899455.png,unsupport the book,页头导航栏中的“Forums”链接，位于“Postmill”和“Wiki”链接之间，点击此链接可以跳转到论坛页面。,C:\Users\27173\Desktop\vision_benchmark_test\bad_case_img\221_web_89d60b8b-3f6d-4160-93d4-1791d4899455.png
web_d146e5c3-e1ea-446c-ab84-a348fe07a1b8.png,check details of the first book,这是一个按钮，按钮文本为“Hot”，旁边有一个朝下的箭头图标。点击此按钮可以更改帖子列表的排序方式。,C:\Users\27173\Desktop\vision_benchmark_test\bad_case_img\223_web_d146e5c3-e1ea-446c-ab84-a348fe07a1b8.png
web_d146e5c3-e1ea-446c-ab84-a348fe07a1b8.png,check the all comments,这是一个按钮，按钮文本为“Hot”，旁边有一个朝下的箭头图标。点击此按钮可以更改帖子列表的排序方式。,C:\Users\27173\Desktop\vision_benchmark_test\bad_case_img\224_web_d146e5c3-e1ea-446c-ab84-a348fe07a1b8.png
web_843805d1-f33a-400f-bcdd-901a9ae91329.png,sort based on active,在网页内容区域左侧，有三个选项卡，分别是“Submissions”、“Comments”和“Hot”。在“Hot”选项卡下方展开的菜单中，有一个“Most commented”选项，用于按照评论数量对内容进行排序。,C:\Users\27173\Desktop\vision_benchmark_test\bad_case_img\226_web_843805d1-f33a-400f-bcdd-901a9ae91329.png
web_843805d1-f33a-400f-bcdd-901a9ae91329.png,sort based on most commented,在网页内容区域左侧，有三个选项卡，分别是“Submissions”、“Comments”和“Hot”。在“Hot”选项卡下方展开的菜单中，有一个“Most commented”选项，用于按照评论数量对内容进行排序。,C:\Users\27173\Desktop\vision_benchmark_test\bad_case_img\227_web_843805d1-f33a-400f-bcdd-901a9ae91329.png
web_aa8f1636-1c5c-4a79-b8d9-f92956ba78e9.png,support the second book,红框中的元素是一个论坛帖子，标题是“Book lover or not?”，作者是Unusual_Writing_8421，发布于9个月前，目前没有评论。,C:\Users\27173\Desktop\vision_benchmark_test\bad_case_img\228_web_aa8f1636-1c5c-4a79-b8d9-f92956ba78e9.png
web_aa8f1636-1c5c-4a79-b8d9-f92956ba78e9.png,view the information of book lover or not?,红框中的元素是一个论坛帖子，标题是“Book lover or not?”，作者是Unusual_Writing_8421，发布于9个月前，目前没有评论。,C:\Users\27173\Desktop\vision_benchmark_test\bad_case_img\229_web_aa8f1636-1c5c-4a79-b8d9-f92956ba78e9.png
web_ab471260-bba4-4f1a-a34b-2391c3c88674.png,replay the comment with 82 upvotes,"红框中的元素是用于隐藏评论的功能按钮，位于用户名为greyno02的评论的右上角，评论内容以""You didn't get lucky you are normal.""开头。",C:\Users\27173\Desktop\vision_benchmark_test\bad_case_img\232_web_ab471260-bba4-4f1a-a34b-2391c3c88674.png
web_0481a1db-93fd-4d1e-9146-15526e37eacd.png,check the profile of user knittedjedi,这是一个文本框，其中包含对用户knittedjedi的个人资料、阻止用户和发送消息的选项。它出现在评论区，在OGrouchNZ的评论下方。,C:\Users\27173\Desktop\vision_benchmark_test\bad_case_img\234_web_0481a1db-93fd-4d1e-9146-15526e37eacd.png
web_5766e094-3b76-4b5f-8399-e47ff5506df2.png,input the forum name,红框圈出的是“Markdown allowed. Formatting help +”文字旁边的“Formatting help +”链接。,C:\Users\27173\Desktop\vision_benchmark_test\bad_case_img\235_web_5766e094-3b76-4b5f-8399-e47ff5506df2.png
web_5766e094-3b76-4b5f-8399-e47ff5506df2.png,input the title,红框圈出的是“Markdown allowed. Formatting help +”文字旁边的“Formatting help +”链接。,C:\Users\27173\Desktop\vision_benchmark_test\bad_case_img\236_web_5766e094-3b76-4b5f-8399-e47ff5506df2.png
web_f9bf7ee5-1966-4261-bf9e-76202c196a55.png,choose tag,网页中被红框圈出的输入框，位于页面顶部，紧跟在“Title*”文本的下方，该输入框当前填充的内容为myforumtest。,C:\Users\27173\Desktop\vision_benchmark_test\bad_case_img\238_web_f9bf7ee5-1966-4261-bf9e-76202c196a55.png
web_f9bf7ee5-1966-4261-bf9e-76202c196a55.png,create the forum,网页中被红框圈出的输入框，位于页面顶部，紧跟在“Title*”文本的下方，该输入框当前填充的内容为myforumtest。,C:\Users\27173\Desktop\vision_benchmark_test\bad_case_img\239_web_f9bf7ee5-1966-4261-bf9e-76202c196a55.png
web_f680f8e6-e068-4ca9-9be6-2f78c2899e0a.png,input the body of the submission,这是一个用于输入URL的文本输入框，位于“创建提交”表单的顶部，URL标签下方。,C:\Users\27173\Desktop\vision_benchmark_test\bad_case_img\240_web_f680f8e6-e068-4ca9-9be6-2f78c2899e0a.png
web_f680f8e6-e068-4ca9-9be6-2f78c2899e0a.png,upload a image for the submission,这是一个用于输入URL的文本输入框，位于“创建提交”表单的顶部，URL标签下方。,C:\Users\27173\Desktop\vision_benchmark_test\bad_case_img\241_web_f680f8e6-e068-4ca9-9be6-2f78c2899e0a.png
web_d45c0bb4-1ed8-494e-b099-2063efb1d729.png,switch to dark mode,在页面右上角，用户头像下方弹出的菜单中的第一个选项，文字为“Profile”，右侧有一个人形图标。,C:\Users\27173\Desktop\vision_benchmark_test\bad_case_img\244_web_d45c0bb4-1ed8-494e-b099-2063efb1d729.png
web_48f086db-edfd-43d3-95b8-b2eee50367da.png,check the submissions,提交按钮,C:\Users\27173\Desktop\vision_benchmark_test\bad_case_img\246_web_48f086db-edfd-43d3-95b8-b2eee50367da.png
web_6c4e07ff-3589-4a78-99cf-fcf703a33a74.png,toggle the open external links in the new tab option,红框圈出的是一个下拉菜单，菜单的标签是Time zone，当前显示为America / New York。,C:\Users\27173\Desktop\vision_benchmark_test\bad_case_img\247_web_6c4e07ff-3589-4a78-99cf-fcf703a33a74.png
web_6c4e07ff-3589-4a78-99cf-fcf703a33a74.png,disable show thumbnails option,红框圈出的是一个下拉菜单，菜单的标签是Time zone，当前显示为America / New York。,C:\Users\27173\Desktop\vision_benchmark_test\bad_case_img\248_web_6c4e07ff-3589-4a78-99cf-fcf703a33a74.png
web_6c4e07ff-3589-4a78-99cf-fcf703a33a74.png,don't show post previews,红框圈出的是一个下拉菜单，菜单的标签是Time zone，当前显示为America / New York。,C:\Users\27173\Desktop\vision_benchmark_test\bad_case_img\249_web_6c4e07ff-3589-4a78-99cf-fcf703a33a74.png
web_6c4e07ff-3589-4a78-99cf-fcf703a33a74.png,switch the language,红框圈出的是一个下拉菜单，菜单的标签是Time zone，当前显示为America / New York。,C:\Users\27173\Desktop\vision_benchmark_test\bad_case_img\250_web_6c4e07ff-3589-4a78-99cf-fcf703a33a74.png
web_516f6429-4157-45f8-93a4-db1d525cedb9.png,follow the post,这个红色的叉图标位于一个蓝色的对话框的右上角，对话框里面显示“Click to save this article. You'll be asked to sign into your Forbes account.”，这个叉图标的功能是关闭这个对话框。,C:\Users\27173\Desktop\vision_benchmark_test\bad_case_img\253_web_516f6429-4157-45f8-93a4-db1d525cedb9.png
web_2f3df3a1-d287-4457-91b3-a672d0f72f84.png,share with facebook,分享至Twitter/X的图标按钮。这个图标位于文章正文区域左侧，位于Facebook分享图标下方、LinkedIn分享图标上方。该图标是一个红色的正方形，中间有一个白色的“X”字母。,C:\Users\27173\Desktop\vision_benchmark_test\bad_case_img\255_web_2f3df3a1-d287-4457-91b3-a672d0f72f84.png
web_6f420f7d-e710-428d-99fa-9606adb5f509.png,open the menu,在Forbes网站首页顶部黑色的菜单栏上，订阅按钮位于“Sign In”左边，背景为红色，文字为“Subscribe: Less than $1/week”。,C:\Users\27173\Desktop\vision_benchmark_test\bad_case_img\258_web_6f420f7d-e710-428d-99fa-9606adb5f509.png
web_ff1666cb-81cb-4180-94ee-661a111749e4.png,check the letters,该元素是右侧索引部分，位于页面右侧，在“Biographical Register”下方，和“Gallery”上方，点击后可以查看索引。,C:\Users\27173\Desktop\vision_benchmark_test\bad_case_img\260_web_ff1666cb-81cb-4180-94ee-661a111749e4.png
web_ff1666cb-81cb-4180-94ee-661a111749e4.png,check the index,该元素是右侧索引部分，位于页面右侧，在“Biographical Register”下方，和“Gallery”上方，点击后可以查看索引。,C:\Users\27173\Desktop\vision_benchmark_test\bad_case_img\261_web_ff1666cb-81cb-4180-94ee-661a111749e4.png
web_4e4113f0-12bd-4b49-84c4-88a5bbf7924b.png,check the books on culture,网页导航栏中的一个选项，文本为“TRUE CRIME”，点击后会显示与真实犯罪相关的书籍内容。,C:\Users\27173\Desktop\vision_benchmark_test\bad_case_img\263_web_4e4113f0-12bd-4b49-84c4-88a5bbf7924b.png
web_28c3aef4-8c82-4746-8cfa-3aa747127c97.png,search with the current search query,第三个搜索结果，标题为“Could a phenomenon like the HarryPotter series exist again?”，描述为“Harry Potter series has broken multiple record and is among the most sold books of all time. The 7th book sold ~15 million in 24 hrs. It seems that Harry Potter is a once”。,C:\Users\27173\Desktop\vision_benchmark_test\bad_case_img\268_web_28c3aef4-8c82-4746-8cfa-3aa747127c97.png
web_626e849e-afe2-47c7-8e67-da7331497c25.png,log out my account,红框标注了搜索框右侧的“x”按钮，点击此按钮可以清除当前搜索框中输入的查询内容“harry potter”。,C:\Users\27173\Desktop\vision_benchmark_test\bad_case_img\271_web_626e849e-afe2-47c7-8e67-da7331497c25.png
web_9618f323-7310-4d6e-9c79-a476427ca1ae.png,filter with featured creteria,右上角文字为“Log in”的按钮，点击后会登录我的账户。,C:\Users\27173\Desktop\vision_benchmark_test\bad_case_img\273_web_9618f323-7310-4d6e-9c79-a476427ca1ae.png
web_9618f323-7310-4d6e-9c79-a476427ca1ae.png,check the wiki,右上角文字为“Log in”的按钮，点击后会登录我的账户。,C:\Users\27173\Desktop\vision_benchmark_test\bad_case_img\274_web_9618f323-7310-4d6e-9c79-a476427ca1ae.png
web_d9841866-2ee7-4afd-a77a-8c0e52f6691c.png,close the ad banner,关注元素是位于页面右侧的一系列社交媒体图标中的YouTube图标，图标为白色的播放按钮位于红色的矩形框内。,C:\Users\27173\Desktop\vision_benchmark_test\bad_case_img\278_web_d9841866-2ee7-4afd-a77a-8c0e52f6691c.png
web_d9841866-2ee7-4afd-a77a-8c0e52f6691c.png,search in the website,关注元素是位于页面右侧的一系列社交媒体图标中的YouTube图标，图标为白色的播放按钮位于红色的矩形框内。,C:\Users\27173\Desktop\vision_benchmark_test\bad_case_img\279_web_d9841866-2ee7-4afd-a77a-8c0e52f6691c.png
web_6df9c1d5-2acf-4f59-94d6-2fd9362dd8af.png,follow sadie gurman,网页右上角，与订阅、登录按钮同行的搜索图标。,C:\Users\27173\Desktop\vision_benchmark_test\bad_case_img\283_web_6df9c1d5-2acf-4f59-94d6-2fd9362dd8af.png
web_d977cce9-21cf-4eab-8d17-2aa9a616ba2f.png,pause reading the page,网页中用于调整阅读速度的按钮，位于音频进度条右侧，当前显示为1x。,C:\Users\27173\Desktop\vision_benchmark_test\bad_case_img\285_web_d977cce9-21cf-4eab-8d17-2aa9a616ba2f.png
web_573eb5de-79cc-411a-a984-d7c28d8e5ce3.png,open the menu,位于页面顶部导航栏的 SPORTS 按钮，在 POLITICS 按钮右侧，点击可以查看体育新闻。,C:\Users\27173\Desktop\vision_benchmark_test\bad_case_img\287_web_573eb5de-79cc-411a-a984-d7c28d8e5ce3.png
web_1c75d12a-d93d-4cb2-b179-38009584c282.png,check science news,"红色的Donate按钮位于页面顶部右侧，在“SUPPORT INDEPENDENT, FACT-BASED JOURNALISM”文本的右侧。点击此按钮可以向网站捐款。",C:\Users\27173\Desktop\vision_benchmark_test\bad_case_img\290_web_1c75d12a-d93d-4cb2-b179-38009584c282.png
web_20979acb-d8af-4fa2-becf-ed38f73f5fcb.png,click to search the result,地图右侧的放大按钮，用于放大地图视野。,C:\Users\27173\Desktop\vision_benchmark_test\bad_case_img\292_web_20979acb-d8af-4fa2-becf-ed38f73f5fcb.png
web_ea184924-e155-4745-abaa-1f9d0e870c67.png,sign up,红色的长方形框出的是OpenStreetMap网站地图右侧垂直排列的图标中的第二个，它是一个带减号的按钮，用于缩小地图。,C:\Users\27173\Desktop\vision_benchmark_test\bad_case_img\294_web_ea184924-e155-4745-abaa-1f9d0e870c67.png
web_f2db3d49-18fb-4517-8de8-bd5d73efecb9.png,export the map data,该元素是一个按钮，位于页面右侧，上面有一个箭头图标，点击它可以定位到用户当前的位置。,C:\Users\27173\Desktop\vision_benchmark_test\bad_case_img\296_web_f2db3d49-18fb-4517-8de8-bd5d73efecb9.png
web_f2db3d49-18fb-4517-8de8-bd5d73efecb9.png,locate to my position,该元素是一个按钮，位于页面右侧，上面有一个箭头图标，点击它可以定位到用户当前的位置。,C:\Users\27173\Desktop\vision_benchmark_test\bad_case_img\297_web_f2db3d49-18fb-4517-8de8-bd5d73efecb9.png
web_21f41383-9618-40bf-92a6-df3f7c1fb251.png,check the gps traces,红框圈出的元素是地图右侧工具栏中的一个图标，它是一个堆叠的方块形状，位于放大和缩小按钮、定位按钮的下方。该图标用于调整地图图层。,C:\Users\27173\Desktop\vision_benchmark_test\bad_case_img\299_web_21f41383-9618-40bf-92a6-df3f7c1fb251.png
web_dbd7514b-9ca3-40cd-b09a-990f7b955da1.png,view the result of erie country,搜索结果面板右上角的叉号按钮，点击后可以关闭搜索结果。,C:\Users\27173\Desktop\vision_benchmark_test\bad_case_img\301_web_dbd7514b-9ca3-40cd-b09a-990f7b955da1.png
web_da9f908d-568d-4d65-8587-47870f78f678.png,view more option of edit button,OpenStreetMap页面右上角有多个按钮，其中有一个按钮文本为“Help”，点击该按钮可以查看帮助信息。,C:\Users\27173\Desktop\vision_benchmark_test\bad_case_img\304_web_da9f908d-568d-4d65-8587-47870f78f678.png
web_4b78be88-30cd-401d-8d6d-4ef5a035fbda.png,add a place marker on map,在页面的右上角，GPS Traces和Copyright之间的文本链接，显示为Communities。,C:\Users\27173\Desktop\vision_benchmark_test\bad_case_img\307_web_4b78be88-30cd-401d-8d6d-4ef5a035fbda.png
web_60700bbc-8e31-46b0-9ef0-826647262c68.png,"click the button with ""go""",页面左侧导航规划框中，在搜索目的地和交通方式下方有一个按钮，文字为“Reverse Directions”，作用是反转规划的起始地和目的地。,C:\Users\27173\Desktop\vision_benchmark_test\bad_case_img\310_web_60700bbc-8e31-46b0-9ef0-826647262c68.png
web_60700bbc-8e31-46b0-9ef0-826647262c68.png,reverse directions,页面左侧导航规划框中，在搜索目的地和交通方式下方有一个按钮，文字为“Reverse Directions”，作用是反转规划的起始地和目的地。,C:\Users\27173\Desktop\vision_benchmark_test\bad_case_img\311_web_60700bbc-8e31-46b0-9ef0-826647262c68.png
web_e067ae0f-989b-4e7f-9891-aea5d284a8de.png,check the first listed direction,"页面顶部有Edit, History, Export三个按钮，其中History按钮被红色边框圈出。",C:\Users\27173\Desktop\vision_benchmark_test\bad_case_img\312_web_e067ae0f-989b-4e7f-9891-aea5d284a8de.png
web_fa131c38-3d94-4e5a-ba3a-269724d93a30.png,close the location labels on the map,这是一个列表项，内容为“4. Slight left onto Hancock Street (MA 3A) 50m”。它位于“Directions”列表的第4个条目。,C:\Users\27173\Desktop\vision_benchmark_test\bad_case_img\314_web_fa131c38-3d94-4e5a-ba3a-269724d93a30.png
web_daa46aa2-e1ee-4391-9c27-578d5ed73cbc.png,click a button to export licence,导出区域中心上方，文本框中显示“42.3768”的数字。,C:\Users\27173\Desktop\vision_benchmark_test\bad_case_img\316_web_daa46aa2-e1ee-4391-9c27-578d5ed73cbc.png
web_833f9d90-a50c-4f03-9eb6-e740aa811fa0.png,Click the button to inspect map features and view details,图片右下角版权信息中，OpenStreetMap contributors后面的超链接文本“OpenStreetMap France”。,C:\Users\27173\Desktop\vision_benchmark_test\bad_case_img\318_web_833f9d90-a50c-4f03-9eb6-e740aa811fa0.png
web_2345b5ec-6280-470e-9a6d-92a85d8b8873.png,"click the ""starbucks"" located in auburn street",OpenStreetMap网站页面顶部菜单栏中的“User Diaries”链接，点击可以查看用户日记。,C:\Users\27173\Desktop\vision_benchmark_test\bad_case_img\320_web_2345b5ec-6280-470e-9a6d-92a85d8b8873.png
web_c1b9d596-c60c-47e2-a863-ef92324405ef.png,register now,记住我复选框。该复选框位于密码输入框下方，登录按钮上方。,C:\Users\27173\Desktop\vision_benchmark_test\bad_case_img\322_web_c1b9d596-c60c-47e2-a863-ef92324405ef.png
web_0558c1f4-c05b-49a8-8479-04b1575779d2.png,check openstreetmap belglum,在“The following communities are formally established as Local Chapters:”这句话下方有一个列表，“OpenStreetMap Belgium”是列表中的第一项，点击它可以查看OpenStreetMap Belgium社区详情。,C:\Users\27173\Desktop\vision_benchmark_test\bad_case_img\324_web_0558c1f4-c05b-49a8-8479-04b1575779d2.png
web_c5db0d44-6584-42e2-85c7-e4802276bad0.png,edit note,地图中心附近带加号的橙色标记，代表新添加的笔记点。,C:\Users\27173\Desktop\vision_benchmark_test\bad_case_img\325_web_c5db0d44-6584-42e2-85c7-e4802276bad0.png
web_c5db0d44-6584-42e2-85c7-e4802276bad0.png,add note,地图中心附近带加号的橙色标记，代表新添加的笔记点。,C:\Users\27173\Desktop\vision_benchmark_test\bad_case_img\326_web_c5db0d44-6584-42e2-85c7-e4802276bad0.png
web_c5db0d44-6584-42e2-85c7-e4802276bad0.png,Click on the marker already added to the map,地图中心附近带加号的橙色标记，代表新添加的笔记点。,C:\Users\27173\Desktop\vision_benchmark_test\bad_case_img\327_web_c5db0d44-6584-42e2-85c7-e4802276bad0.png
web_e0425287-c246-4122-a26e-6e0ca5958d4e.png,select the html as share format,这是一个下拉选择框，标签为Format。选中红框中的PNG选项表示选择PNG图片格式。,C:\Users\27173\Desktop\vision_benchmark_test\bad_case_img\329_web_e0425287-c246-4122-a26e-6e0ca5958d4e.png
web_e0425287-c246-4122-a26e-6e0ca5958d4e.png,check geo uri link,这是一个下拉选择框，标签为Format。选中红框中的PNG选项表示选择PNG图片格式。,C:\Users\27173\Desktop\vision_benchmark_test\bad_case_img\330_web_e0425287-c246-4122-a26e-6e0ca5958d4e.png
web_40de46fb-69c0-4de1-b4c6-9349c812450e.png,view the english wiki,这是一个下拉菜单，用于选择搜索语言。它位于搜索框的右侧，默认显示“EN”并带有向下箭头图标。,C:\Users\27173\Desktop\vision_benchmark_test\bad_case_img\333_web_40de46fb-69c0-4de1-b4c6-9349c812450e.png
web_c6e1ac03-ebaf-4ebe-8fb2-5d6f8769f385.png,read wikipedia in my language,红框中的元素是Wikidata，它是一个免费知识库。它位于维基新闻的右侧，以及媒体维基的上方。,C:\Users\27173\Desktop\vision_benchmark_test\bad_case_img\335_web_c6e1ac03-ebaf-4ebe-8fb2-5d6f8769f385.png
web_c6e1ac03-ebaf-4ebe-8fb2-5d6f8769f385.png,download wikipedia app in google play store,红框中的元素是Wikidata，它是一个免费知识库。它位于维基新闻的右侧，以及媒体维基的上方。,C:\Users\27173\Desktop\vision_benchmark_test\bad_case_img\336_web_c6e1ac03-ebaf-4ebe-8fb2-5d6f8769f385.png
web_c6e1ac03-ebaf-4ebe-8fb2-5d6f8769f385.png,download in apple app store,红框中的元素是Wikidata，它是一个免费知识库。它位于维基新闻的右侧，以及媒体维基的上方。,C:\Users\27173\Desktop\vision_benchmark_test\bad_case_img\337_web_c6e1ac03-ebaf-4ebe-8fb2-5d6f8769f385.png
web_c6e1ac03-ebaf-4ebe-8fb2-5d6f8769f385.png,look into wikidata,红框中的元素是Wikidata，它是一个免费知识库。它位于维基新闻的右侧，以及媒体维基的上方。,C:\Users\27173\Desktop\vision_benchmark_test\bad_case_img\338_web_c6e1ac03-ebaf-4ebe-8fb2-5d6f8769f385.png
web_467ae916-9a16-4517-85cc-f439c79e8c44.png,support with a donation,位于搜索框右侧的搜索按钮，形状为放大镜图标，点击该按钮可以执行搜索操作。,C:\Users\27173\Desktop\vision_benchmark_test\bad_case_img\339_web_467ae916-9a16-4517-85cc-f439c79e8c44.png
web_df166734-1f33-4e1d-887f-292ee9c21502.png,check wikipedia,图片左侧列表中的Français（法语），位于俄语Русский下方。,C:\Users\27173\Desktop\vision_benchmark_test\bad_case_img\341_web_df166734-1f33-4e1d-887f-292ee9c21502.png
web_7777a073-0358-46a8-babb-60c07c7bb17d.png,switch to discussion,文本'Coined by Arthur Samuel in 1959'旁边的上标数字'1'，点击它可以跳转到对应的参考文献。,C:\Users\27173\Desktop\vision_benchmark_test\bad_case_img\344_web_7777a073-0358-46a8-babb-60c07c7bb17d.png
web_77e68e05-bbe4-4f54-96fa-79f714c17505.png,check language setting,在“Hyponyms”标题下方，用红框标出的链接文本为“deep learning”。,C:\Users\27173\Desktop\vision_benchmark_test\bad_case_img\346_web_77e68e05-bbe4-4f54-96fa-79f714c17505.png
web_6547e373-2b01-422b-a104-988a43742ba8.png,check out the month's challenges,该元素是一个下拉列表，用于选择当前网页的语言。它显示“English”作为当前选定的语言，旁边有一个下拉箭头。该元素位于页面左侧，在“Language select”文本下方。,C:\Users\27173\Desktop\vision_benchmark_test\bad_case_img\348_web_6547e373-2b01-422b-a104-988a43742ba8.png
web_6547e373-2b01-422b-a104-988a43742ba8.png,click on the picture of the day,该元素是一个下拉列表，用于选择当前网页的语言。它显示“English”作为当前选定的语言，旁边有一个下拉箭头。该元素位于页面左侧，在“Language select”文本下方。,C:\Users\27173\Desktop\vision_benchmark_test\bad_case_img\349_web_6547e373-2b01-422b-a104-988a43742ba8.png
web_e402fd4e-8ee3-4e90-9f08-4e6b8d223022.png,play the media of the day,红框圈出的元素是页面左侧导航栏中的“Download as PDF”链接，位于“Print/export”标题下方，点击此链接可以将当前网页保存为PDF文件。,C:\Users\27173\Desktop\vision_benchmark_test\bad_case_img\351_web_e402fd4e-8ee3-4e90-9f08-4e6b8d223022.png
web_e402fd4e-8ee3-4e90-9f08-4e6b8d223022.png,copy url link of the media,红框圈出的元素是页面左侧导航栏中的“Download as PDF”链接，位于“Print/export”标题下方，点击此链接可以将当前网页保存为PDF文件。,C:\Users\27173\Desktop\vision_benchmark_test\bad_case_img\352_web_e402fd4e-8ee3-4e90-9f08-4e6b8d223022.png
web_dc5cf80d-74c4-475e-928f-ee6b7ef254a1.png,open wikispecies,页面右侧有一个由图标和文字组成的列表，其中一个列表项包含图标和文字“MediaWiki”，文字下方有描述“Free & open wiki application”。红框圈出了“MediaWiki”文字以及下方的描述和左侧的图标。,C:\Users\27173\Desktop\vision_benchmark_test\bad_case_img\354_web_dc5cf80d-74c4-475e-928f-ee6b7ef254a1.png
web_dc5cf80d-74c4-475e-928f-ee6b7ef254a1.png,open mediawiki,页面右侧有一个由图标和文字组成的列表，其中一个列表项包含图标和文字“MediaWiki”，文字下方有描述“Free & open wiki application”。红框圈出了“MediaWiki”文字以及下方的描述和左侧的图标。,C:\Users\27173\Desktop\vision_benchmark_test\bad_case_img\355_web_dc5cf80d-74c4-475e-928f-ee6b7ef254a1.png
web_6f93090a-81f6-489e-bb35-1a2838b18c01.png,input word to search in wikidata,页面右上角标有“A English”的链接，点击该链接可以切换当前页面的语言。,C:\Users\27173\Desktop\vision_benchmark_test\bad_case_img\356_web_6f93090a-81f6-489e-bb35-1a2838b18c01.png
web_6f93090a-81f6-489e-bb35-1a2838b18c01.png,switch language of current page,页面右上角标有“A English”的链接，点击该链接可以切换当前页面的语言。,C:\Users\27173\Desktop\vision_benchmark_test\bad_case_img\357_web_6f93090a-81f6-489e-bb35-1a2838b18c01.png
web_c95137ce-a84e-4c7c-9845-65157033e501.png,open the picture of earth,该元素是页面上显示“Earth (Q2)”字样的文字链接，位于“Learn about data”卡片中地球图片下方，点击该链接可以打开与地球相关的维基数据条目。,C:\Users\27173\Desktop\vision_benchmark_test\bad_case_img\358_web_c95137ce-a84e-4c7c-9845-65157033e501.png
web_7cbc6d11-a481-45ae-a054-d89301abd2d6.png,enter username to create wikidate account,"位于语言列表最右侧的""中文""链接，点击此链接可以将页面语言切换为中文。",C:\Users\27173\Desktop\vision_benchmark_test\bad_case_img\360_web_7cbc6d11-a481-45ae-a054-d89301abd2d6.png
web_7cbc6d11-a481-45ae-a054-d89301abd2d6.png,switch page's language into chinese,"位于语言列表最右侧的""中文""链接，点击此链接可以将页面语言切换为中文。",C:\Users\27173\Desktop\vision_benchmark_test\bad_case_img\361_web_7cbc6d11-a481-45ae-a054-d89301abd2d6.png
web_5a0b5ec0-be59-484d-a291-4965a9de9c76.png,enter text showing in capcha,在CAPTCHA Security check区域下的Enter the text输入框中输入图片中的验证码。,C:\Users\27173\Desktop\vision_benchmark_test\bad_case_img\363_web_5a0b5ec0-be59-484d-a291-4965a9de9c76.png
web_2bda50e8-15d0-473a-a8cb-bd0777963756.png,open talk page,阿森纳足球俱乐部的标志，其特征是红色的盾牌，上面有蓝色的垂直条纹和金色的加农炮以及阿森纳文字。,C:\Users\27173\Desktop\vision_benchmark_test\bad_case_img\365_web_2bda50e8-15d0-473a-a8cb-bd0777963756.png
web_2bda50e8-15d0-473a-a8cb-bd0777963756.png,unflod items about players,阿森纳足球俱乐部的标志，其特征是红色的盾牌，上面有蓝色的垂直条纹和金色的加农炮以及阿森纳文字。,C:\Users\27173\Desktop\vision_benchmark_test\bad_case_img\366_web_2bda50e8-15d0-473a-a8cb-bd0777963756.png
web_cd72d06c-67ca-4ed8-b550-dcf4b33e5381.png,add language,加语言按钮，位于语言列表下方，带加号图标，文字为“Add languages”。,C:\Users\27173\Desktop\vision_benchmark_test\bad_case_img\368_web_cd72d06c-67ca-4ed8-b550-dcf4b33e5381.png
web_41a4c02b-d68f-48a0-9ea1-a5a20d2ddf3c.png,show cloth color for current season,这是阿森纳足球俱乐部的主场球衣的图片，旁边是“Home colours”的文本。,C:\Users\27173\Desktop\vision_benchmark_test\bad_case_img\369_web_41a4c02b-d68f-48a0-9ea1-a5a20d2ddf3c.png
web_41a4c02b-d68f-48a0-9ea1-a5a20d2ddf3c.png,open article about mikel arteta,这是阿森纳足球俱乐部的主场球衣的图片，旁边是“Home colours”的文本。,C:\Users\27173\Desktop\vision_benchmark_test\bad_case_img\370_web_41a4c02b-d68f-48a0-9ea1-a5a20d2ddf3c.png
web_be6a7bf9-9411-430f-a685-e97c75f44310.png,click a hyperlink in main menu to show helps for how to edit wikipedia page information,在侧边菜单中，点击位于'Help'下方的'Learn to edit'链接，以获取关于如何编辑维基百科页面的帮助信息。,C:\Users\27173\Desktop\vision_benchmark_test\bad_case_img\372_web_be6a7bf9-9411-430f-a685-e97c75f44310.png
web_dfacd48d-d2c2-492f-b94c-41e6a34ea99f.png,show the picture of gloden trophy owned by ansenal,网页正文段落中，Champions League的超链接，位于“1996-2018: Wenger years”标题下的第一段。,C:\Users\27173\Desktop\vision_benchmark_test\bad_case_img\373_web_dfacd48d-d2c2-492f-b94c-41e6a34ea99f.png
web_dfacd48d-d2c2-492f-b94c-41e6a34ea99f.png,enter the wikipedia page of champions league,网页正文段落中，Champions League的超链接，位于“1996-2018: Wenger years”标题下的第一段。,C:\Users\27173\Desktop\vision_benchmark_test\bad_case_img\374_web_dfacd48d-d2c2-492f-b94c-41e6a34ea99f.png
web_c334b955-9eb9-48c2-998b-9f6cb87bbb8f.png,open the picture of cora vitoria diehl,一个黑白图片，图片中的女性戴着皇冠和项链，身穿礼服，坐在椅子上，旁边有文字“Queen Lili'uokalani of Hawaii”。,C:\Users\27173\Desktop\vision_benchmark_test\bad_case_img\375_web_c334b955-9eb9-48c2-998b-9f6cb87bbb8f.png
web_b2914206-25b0-46b6-a829-c1208293c3ac.png,go to homepage of wikipedia,图片左下方，是一个古典音乐作曲家乔治·弗里德里克·亨德尔的肖像。,C:\Users\27173\Desktop\vision_benchmark_test\bad_case_img\377_web_b2914206-25b0-46b6-a829-c1208293c3ac.png
web_22e2b9c7-0140-47aa-8e14-cfd883f3baaf.png,open 'retrospect and prospect in computer-based translation' paper,References部分的第一条引用中，包含文本“Retrospect and prospect in computer-based translation”的链接。,C:\Users\27173\Desktop\vision_benchmark_test\bad_case_img\379_web_22e2b9c7-0140-47aa-8e14-cfd883f3baaf.png
web_0092e09d-acc7-4ced-8871-47cb05a0a554.png,let website remember account information for no logging in the next year,页面的主要区域是登录表单，包含了用户名输入框，密码输入框，一个“保持登录”的复选框，以及一个蓝色的“Log in”按钮。红框标出的元素就是这个蓝色的“Log in”按钮，用于提交用户名和密码，完成登录操作。,C:\Users\27173\Desktop\vision_benchmark_test\bad_case_img\380_web_0092e09d-acc7-4ced-8871-47cb05a0a554.png
web_0092e09d-acc7-4ced-8871-47cb05a0a554.png,enter username,页面的主要区域是登录表单，包含了用户名输入框，密码输入框，一个“保持登录”的复选框，以及一个蓝色的“Log in”按钮。红框标出的元素就是这个蓝色的“Log in”按钮，用于提交用户名和密码，完成登录操作。,C:\Users\27173\Desktop\vision_benchmark_test\bad_case_img\381_web_0092e09d-acc7-4ced-8871-47cb05a0a554.png
web_3261789b-bffc-4bfb-94d3-fe2a787e3f3f.png,Click to recover password,页面右上角搜索框右侧的“Create account”文本链接，用于创建新账户。,C:\Users\27173\Desktop\vision_benchmark_test\bad_case_img\383_web_3261789b-bffc-4bfb-94d3-fe2a787e3f3f.png
web_dd6b5395-a2da-4d88-a971-c2815899f84d.png,return the homepage of mediawiki,这张图片展示的是 Wikimedia Hackathon 2023 活动参与者的合影。,C:\Users\27173\Desktop\vision_benchmark_test\bad_case_img\386_web_dd6b5395-a2da-4d88-a971-c2815899f84d.png
web_dd6b5395-a2da-4d88-a971-c2815899f84d.png,switch to the discussion page,这张图片展示的是 Wikimedia Hackathon 2023 活动参与者的合影。,C:\Users\27173\Desktop\vision_benchmark_test\bad_case_img\387_web_dd6b5395-a2da-4d88-a971-c2815899f84d.png
web_e32af83c-f30c-4104-82b3-d5b9a84ad5ee.png,click the flag of portugal ,红框框出了文本“Arsenal F.C. records § Player records”，它是一个链接，点击可以查看阿森纳足球俱乐部的记录和球员记录。,C:\Users\27173\Desktop\vision_benchmark_test\bad_case_img\390_web_e32af83c-f30c-4104-82b3-d5b9a84ad5ee.png
web_e32af83c-f30c-4104-82b3-d5b9a84ad5ee.png,enter page of norway,红框框出了文本“Arsenal F.C. records § Player records”，它是一个链接，点击可以查看阿森纳足球俱乐部的记录和球员记录。,C:\Users\27173\Desktop\vision_benchmark_test\bad_case_img\391_web_e32af83c-f30c-4104-82b3-d5b9a84ad5ee.png
web_43eca188-6adf-4bfe-bb49-56dad5717132.png,open keras,右侧Proprietary software下方的列表中的倒数第五个元素，文本内容是“Oracle Data Mining”，点击后可以打开Oracle Data Mining相关页面。,C:\Users\27173\Desktop\vision_benchmark_test\bad_case_img\393_web_43eca188-6adf-4bfe-bb49-56dad5717132.png
web_14c5f53b-8827-4d97-9adb-b3cbc4d6116a.png,open image of book named machined learning,在页面左侧的目录标题“Contents”右边有一个方框按钮，上面写着“hide”。,C:\Users\27173\Desktop\vision_benchmark_test\bad_case_img\395_web_14c5f53b-8827-4d97-9adb-b3cbc4d6116a.png
web_14c5f53b-8827-4d97-9adb-b3cbc4d6116a.png,enter page of peer-reviewd scientific journal,在页面左侧的目录标题“Contents”右边有一个方框按钮，上面写着“hide”。,C:\Users\27173\Desktop\vision_benchmark_test\bad_case_img\396_web_14c5f53b-8827-4d97-9adb-b3cbc4d6116a.png
web_1d69cea6-1be7-4314-8bf1-5cd8e1939911.png,change page language,“Talk”按钮位于页面标题“Machine Learning (journal)”下方，与“Article”按钮并列。,C:\Users\27173\Desktop\vision_benchmark_test\bad_case_img\398_web_1d69cea6-1be7-4314-8bf1-5cd8e1939911.png
web_1d69cea6-1be7-4314-8bf1-5cd8e1939911.png,jump to website of 'induction of decision trees',“Talk”按钮位于页面标题“Machine Learning (journal)”下方，与“Article”按钮并列。,C:\Users\27173\Desktop\vision_benchmark_test\bad_case_img\399_web_1d69cea6-1be7-4314-8bf1-5cd8e1939911.png
web_45f9eb11-1663-440f-9e73-78a34793ac95.png,play the video shown in this page,一个圆角矩形按钮，位于页面左下角，背景色为深蓝色，右侧文字为“Get citation”。,C:\Users\27173\Desktop\vision_benchmark_test\bad_case_img\401_web_45f9eb11-1663-440f-9e73-78a34793ac95.png
web_45f9eb11-1663-440f-9e73-78a34793ac95.png,go to page of darpa,一个圆角矩形按钮，位于页面左下角，背景色为深蓝色，右侧文字为“Get citation”。,C:\Users\27173\Desktop\vision_benchmark_test\bad_case_img\402_web_45f9eb11-1663-440f-9e73-78a34793ac95.png
web_df804fb9-f96e-425e-b1a3-fe8f6810a1de.png,delete the 'article' tag for searching,红框中的元素是一个搜索输入框，里面已经预填充了文本“Vision-Language Model”。,C:\Users\27173\Desktop\vision_benchmark_test\bad_case_img\404_web_df804fb9-f96e-425e-b1a3-fe8f6810a1de.png
web_147f0485-994a-4176-bd82-88d81ab8607a.png,select to search in all area,这是一个链接，文字是next 20，用来显示接下来的20条搜索结果，它位于搜索结果列表下方，与其他表示显示结果数量的链接（例如previous 20，20，50等）并列。,C:\Users\27173\Desktop\vision_benchmark_test\bad_case_img\406_web_147f0485-994a-4176-bd82-88d81ab8607a.png
web_147f0485-994a-4176-bd82-88d81ab8607a.png,show advanced searching options,这是一个链接，文字是next 20，用来显示接下来的20条搜索结果，它位于搜索结果列表下方，与其他表示显示结果数量的链接（例如previous 20，20，50等）并列。,C:\Users\27173\Desktop\vision_benchmark_test\bad_case_img\407_web_147f0485-994a-4176-bd82-88d81ab8607a.png
web_78657904-325d-4ee2-b319-36dc1abe7e54.png,open page of gpt-2,历史部分中，Google在2018年10月发布的BERT模型在机器学习翻译任务中表现出色，红框标注了“machine learning translation”文字。,C:\Users\27173\Desktop\vision_benchmark_test\bad_case_img\409_web_78657904-325d-4ee2-b319-36dc1abe7e54.png
web_78657904-325d-4ee2-b319-36dc1abe7e54.png,show content of reinforcement learning,历史部分中，Google在2018年10月发布的BERT模型在机器学习翻译任务中表现出色，红框标注了“machine learning translation”文字。,C:\Users\27173\Desktop\vision_benchmark_test\bad_case_img\410_web_78657904-325d-4ee2-b319-36dc1abe7e54.png
web_14087e07-67d9-494e-bdbf-16ed67985a72.png,open home& kitchen part,该图片展示了多个商品，其中右侧红框内的商品是一个名为“So Delicious CocoWHIP”的椰子奶油制品，该商品图片位于Product Showcases区域，点击图片可以进入该商品的详情页面。,C:\Users\27173\Desktop\vision_benchmark_test\bad_case_img\412_web_14087e07-67d9-494e-bdbf-16ed67985a72.png
web_bd7a1ecb-e3e7-4a79-ba7e-91ae27a861ba.png,close the pop-up window,在弹出的购物车中，第一个商品名称是Tony Chachere's More Spice Creole Seasoning - 14 oz。,C:\Users\27173\Desktop\vision_benchmark_test\bad_case_img\414_web_bd7a1ecb-e3e7-4a79-ba7e-91ae27a861ba.png
web_e103f2b7-edaf-4acc-8b85-6cfb0b9c024c.png,close the alart window,弹窗中用于取消删除购物车商品的按钮,C:\Users\27173\Desktop\vision_benchmark_test\bad_case_img\416_web_e103f2b7-edaf-4acc-8b85-6cfb0b9c024c.png
web_e103f2b7-edaf-4acc-8b85-6cfb0b9c024c.png,confirm leaving the shopping cart,弹窗中用于取消删除购物车商品的按钮,C:\Users\27173\Desktop\vision_benchmark_test\bad_case_img\417_web_e103f2b7-edaf-4acc-8b85-6cfb0b9c024c.png
web_6e4b8b0d-45fe-4d2a-864a-782e08ae8d21.png,remove the first item from the shopping cart,红框圈出的元素是购物车中第一个商品的数量输入框，当前值为1。,C:\Users\27173\Desktop\vision_benchmark_test\bad_case_img\419_web_6e4b8b0d-45fe-4d2a-864a-782e08ae8d21.png
web_8a36314e-03d8-422d-920b-d3a93c12e6a5.png,sign in the website,Expecting value: line 1 column 1 (char 0),C:\Users\27173\Desktop\vision_benchmark_test\bad_case_img\421_web_8a36314e-03d8-422d-920b-d3a93c12e6a5.png
web_8a36314e-03d8-422d-920b-d3a93c12e6a5.png,show more information of the items in cart,Expecting value: line 1 column 1 (char 0),C:\Users\27173\Desktop\vision_benchmark_test\bad_case_img\422_web_8a36314e-03d8-422d-920b-d3a93c12e6a5.png
web_8a36314e-03d8-422d-920b-d3a93c12e6a5.png,view help for email account,Expecting value: line 1 column 1 (char 0),C:\Users\27173\Desktop\vision_benchmark_test\bad_case_img\423_web_8a36314e-03d8-422d-920b-d3a93c12e6a5.png
web_8998df3c-ece5-4f78-9f34-8b6ef91b1ddb.png,add the creole seasoning to favorites,在“Compare Products”标题下方，商品Tony Chachere's More Spice Creole Seasoning的图片右上方有一个删除按钮（X）。,C:\Users\27173\Desktop\vision_benchmark_test\bad_case_img\424_web_8998df3c-ece5-4f78-9f34-8b6ef91b1ddb.png
web_8998df3c-ece5-4f78-9f34-8b6ef91b1ddb.png,add the cocowhip light to cart,在“Compare Products”标题下方，商品Tony Chachere's More Spice Creole Seasoning的图片右上方有一个删除按钮（X）。,C:\Users\27173\Desktop\vision_benchmark_test\bad_case_img\425_web_8998df3c-ece5-4f78-9f34-8b6ef91b1ddb.png
web_98d5a92a-e7d5-4fa6-8c36-83dc78c3fce6.png,forget my password,右侧的创建账户按钮，位于新用户模块，描述下方是注册账户的好处。,C:\Users\27173\Desktop\vision_benchmark_test\bad_case_img\427_web_98d5a92a-e7d5-4fa6-8c36-83dc78c3fce6.png
web_2450df5d-6082-4941-8fe5-ee61df8e7021.png,check the information of the first product,该元素是位于页面顶部的植物商品列表上方的一个网格图标，用于切换商品的排列方式为2x2的网格布局。,C:\Users\27173\Desktop\vision_benchmark_test\bad_case_img\430_web_2450df5d-6082-4941-8fe5-ee61df8e7021.png
web_2450df5d-6082-4941-8fe5-ee61df8e7021.png,check the price changes for the first item,该元素是位于页面顶部的植物商品列表上方的一个网格图标，用于切换商品的排列方式为2x2的网格布局。,C:\Users\27173\Desktop\vision_benchmark_test\bad_case_img\431_web_2450df5d-6082-4941-8fe5-ee61df8e7021.png
web_2450df5d-6082-4941-8fe5-ee61df8e7021.png,change the sorting method,该元素是位于页面顶部的植物商品列表上方的一个网格图标，用于切换商品的排列方式为2x2的网格布局。,C:\Users\27173\Desktop\vision_benchmark_test\bad_case_img\432_web_2450df5d-6082-4941-8fe5-ee61df8e7021.png
web_2450df5d-6082-4941-8fe5-ee61df8e7021.png,switch the product arrangement to a 2*2 grid,该元素是位于页面顶部的植物商品列表上方的一个网格图标，用于切换商品的排列方式为2x2的网格布局。,C:\Users\27173\Desktop\vision_benchmark_test\bad_case_img\433_web_2450df5d-6082-4941-8fe5-ee61df8e7021.png
web_2d77202a-c8d6-4908-9def-c4635e5c4d3d.png,show next image of this item,页面上有一个标有“Add to Wish List”的按钮，位于“Add to Cart”按钮下方。,C:\Users\27173\Desktop\vision_benchmark_test\bad_case_img\434_web_2d77202a-c8d6-4908-9def-c4635e5c4d3d.png
web_8c185a73-f24a-4548-851f-eae8962b2649.png,close the image window,这是一个小的缩略图，显示的是一盆白色的多肉植物，这个缩略图位于大图的左下方，旁边还有一个包含四种不同多肉植物图片的小缩略图。,C:\Users\27173\Desktop\vision_benchmark_test\bad_case_img\436_web_8c185a73-f24a-4548-851f-eae8962b2649.png
web_8c185a73-f24a-4548-851f-eae8962b2649.png,check the second image,这是一个小的缩略图，显示的是一盆白色的多肉植物，这个缩略图位于大图的左下方，旁边还有一个包含四种不同多肉植物图片的小缩略图。,C:\Users\27173\Desktop\vision_benchmark_test\bad_case_img\437_web_8c185a73-f24a-4548-851f-eae8962b2649.png
web_2e26b177-1a3c-4e1d-b961-a584add014b7.png,check computers and accessories items ,页面顶部导航栏中靠右侧的“Sign In”按钮，其左边是“My Wish List”文字，右边是“Compare Products”文字。,C:\Users\27173\Desktop\vision_benchmark_test\bad_case_img\438_web_2e26b177-1a3c-4e1d-b961-a584add014b7.png
web_889c379a-7f36-4aad-9516-b09773cd6b84.png,search the products about football,红框圈出了位于产品展示区域左侧的姜饼屋套装。,C:\Users\27173\Desktop\vision_benchmark_test\bad_case_img\440_web_889c379a-7f36-4aad-9516-b09773cd6b84.png
web_0437294c-e652-4bc4-acbf-f0c4cf3759ba.png,view the product photo,添加到比较列表的按钮，位于添加到购物车按钮的下方。,C:\Users\27173\Desktop\vision_benchmark_test\bad_case_img\442_web_0437294c-e652-4bc4-acbf-f0c4cf3759ba.png
web_0437294c-e652-4bc4-acbf-f0c4cf3759ba.png,change the purchase quantity of the product,添加到比较列表的按钮，位于添加到购物车按钮的下方。,C:\Users\27173\Desktop\vision_benchmark_test\bad_case_img\443_web_0437294c-e652-4bc4-acbf-f0c4cf3759ba.png
web_29f17af5-5e60-41a0-8a0c-36a991a0a19d.png,rate this product with four stars,位于页面底部的“Submit Review”按钮，用于提交用户对产品的评论。,C:\Users\27173\Desktop\vision_benchmark_test\bad_case_img\445_web_29f17af5-5e60-41a0-8a0c-36a991a0a19d.png
web_29f17af5-5e60-41a0-8a0c-36a991a0a19d.png,provide a review for the current product,位于页面底部的“Submit Review”按钮，用于提交用户对产品的评论。,C:\Users\27173\Desktop\vision_benchmark_test\bad_case_img\446_web_29f17af5-5e60-41a0-8a0c-36a991a0a19d.png
web_c307580d-6e2e-4ffb-bb0d-3e156ec524e3.png,check the privacy and cookie policy,位于页面底部的订阅按钮，其左侧有一个输入框用于输入电子邮件地址。,C:\Users\27173\Desktop\vision_benchmark_test\bad_case_img\448_web_c307580d-6e2e-4ffb-bb0d-3e156ec524e3.png
web_c307580d-6e2e-4ffb-bb0d-3e156ec524e3.png,subscribe to feedback on this item,位于页面底部的订阅按钮，其左侧有一个输入框用于输入电子邮件地址。,C:\Users\27173\Desktop\vision_benchmark_test\bad_case_img\449_web_c307580d-6e2e-4ffb-bb0d-3e156ec524e3.png
web_b5c8e65b-1d1e-4fad-8064-a3b7119d1eaa.png,go to the next page,页面顶部右侧的翻页控件，上面显示数字1和2，右侧是向右的箭头。,C:\Users\27173\Desktop\vision_benchmark_test\bad_case_img\450_web_b5c8e65b-1d1e-4fad-8064-a3b7119d1eaa.png
web_3b0ad239-da6b-4f6f-8f12-f674dc90ff33.png,view the details of the item,这是一个图片缩略图，显示了一个人手里拿着一罐紫色的V8 ENERGY饮料。这个缩略图是商品展示图片的一部分，位于商品图片下方的左侧缩略图旁边，点击它可以看到对应的大图。,C:\Users\27173\Desktop\vision_benchmark_test\bad_case_img\452_web_3b0ad239-da6b-4f6f-8f12-f674dc90ff33.png
web_43vc1w.png,check the free trial,红框圈出的是位于页面左侧的“Free trial”按钮，旁边是“Buy now”按钮。,C:\Users\27173\Desktop\vision_benchmark_test\bad_case_img\460_web_43vc1w.png
web_citsb7.png,Purchase the latest battlegroud season pass, Hearthstone Battlegrounds 的最新赛季通行证，带有 Buy Now 蓝色购买按钮。,C:\Users\27173\Desktop\vision_benchmark_test\bad_case_img\476_web_citsb7.png
web_coivm6.png,"switch off ""keep me logged in"" setting",位于密码输入框下方的“Keep me logged in”复选框，其文字内容为“Keep me logged in”。,C:\Users\27173\Desktop\vision_benchmark_test\bad_case_img\478_web_coivm6.png
web_dkh41m.png,Choose to sort from oldest to newest,这是一个排序选项，表示选择从最旧到最新的排序方式，位于一个排序下拉菜单中，该下拉菜单位于页面中间偏右的位置，显示了两种排序选项：从最新到最旧和从最旧到最新。红框框出了第二个选项：从最旧到最新。,C:\Users\27173\Desktop\vision_benchmark_test\bad_case_img\481_web_dkh41m.png
web_gflr2y.png,View the next page of the browse by category section,浏览分类区域右侧的灰色向右箭头按钮，点击该按钮可以查看下一页的分类。,C:\Users\27173\Desktop\vision_benchmark_test\bad_case_img\485_web_gflr2y.png
web_h5egmj.png,adjust the volume of the currently playing video,当前视频播放器界面中的音量图标，点击它可以调整视频的音量。它位于播放进度条的左边。,C:\Users\27173\Desktop\vision_benchmark_test\bad_case_img\486_web_h5egmj.png
web_kj0f2t.png,enter my own password for logging in,被红框标出的输入框在页面中央位置，旁边有一个名为“Enter your email”的输入框，该输入框上方有一个名为“OR”的文本。,C:\Users\27173\Desktop\vision_benchmark_test\bad_case_img\495_web_kj0f2t.png
web_m76p3o.png,add black myth to my steam cart,位于页面下方“Buy Black Myth: Wukong”文字右侧的“Add to Cart”绿色按钮，点击后可以将游戏添加到购物车。,C:\Users\27173\Desktop\vision_benchmark_test\bad_case_img\496_web_m76p3o.png
web_q8t3el.png,View the comments on the first article about Musk on the page,红框突出显示了一个带数字40的方形图标，这个图标位于页面第一个关于Musk文章的评论部分，点击该图标可以查看该文章的评论。,C:\Users\27173\Desktop\vision_benchmark_test\bad_case_img\501_web_q8t3el.png
web_qltu7f.png,Follow the Twitter account of 'Ask PayPal',“You might like”区域中的“Ask PayPal”账号右侧的关注按钮。,C:\Users\27173\Desktop\vision_benchmark_test\bad_case_img\503_web_qltu7f.png
web_r2k5yc.png,Download DuckDuckGo as a Firefox browser extension,下载DuckDuckGo浏览器扩展程序的Firefox选项。该选项在网页中部，Download DuckDuckGo today! 下方，与Chrome、Edge、Opera、Safari选项并列。,C:\Users\27173\Desktop\vision_benchmark_test\bad_case_img\504_web_r2k5yc.png
web_s6sun5.png,View my shopping cart,这是页面右上角导航栏中的一个购物车图标。点击此图标可以查看我的购物车。,C:\Users\27173\Desktop\vision_benchmark_test\bad_case_img\507_web_s6sun5.png
web_tpwp1v.png,"check shoes under 50 dollars in ""shop deals in fashion"" part",在“Shop deals in Fashion”区域下，有四张图片分别代表不同种类的商品。第一张图片是牛仔裤，第二张图片是上衣，第三张图片是连衣裙，第四张图片是一双米白色短靴，对应文案是“Shoes under $50”。红框标注的元素就是这张米白色短靴的图片和对应的文案。,C:\Users\27173\Desktop\vision_benchmark_test\bad_case_img\510_web_tpwp1v.png
web_ujxrkl.png,Replay the current video,视频播放器左下角的向后箭头图标，用于重新播放当前视频。,C:\Users\27173\Desktop\vision_benchmark_test\bad_case_img\513_web_ujxrkl.png
web_vlk2rj.png,Check the Mega products in the brand selection,红框中包含一个复选框和文本MEGA (134)，它是Brand类别下的一个选项，用于筛选商品品牌为MEGA。,C:\Users\27173\Desktop\vision_benchmark_test\bad_case_img\515_web_vlk2rj.png
